Video ID,Playlist Video Creation Timestamp
9b_HNGwOiu4,2023-10-14T03:24:28+00:00
2NaOzTANy-E,2023-10-14T03:24:35+00:00
NpVBkM5-UnQ,2023-10-14T03:26:28+00:00
vwsjNjU1qdA,2023-10-14T03:44:36+00:00
tmWY1ekyyi0,2023-10-14T03:45:41+00:00
289TqIqDLJQ,2023-10-14T03:45:53+00:00
u7B8FWmqplw,2023-10-14T03:48:45+00:00
fVLrhvNeM24,2023-10-14T03:48:51+00:00
L2YBJWjcnUU,2023-10-14T03:49:25+00:00
 -Doeac3jh20,2023-10-14T03:49:37+00:00
_b4UkLXhHJM,2023-10-14T03:49:49+00:00
UN7Rbfwdyt8,2023-10-14T03:52:16+00:00
V6dEsE-Qv-I,2023-10-14T03:52:53+00:00
PFH7AOBue-0,2023-10-14T03:53:31+00:00
ejys3sT2LHw,2023-10-14T03:53:38+00:00
xkzXfZzsSxg,2023-10-14T03:54:02+00:00
HePvLYiZVko,2023-10-14T03:54:30+00:00
5GmxJM3H6UY,2023-10-14T04:13:49+00:00
yFEUHBmu6f0,2023-10-14T04:15:45+00:00
w6rWtODC-ho,2023-10-14T11:45:11+00:00
